{"cameraMode":{"drawMode":0,"name":"Shaded","section":"Shading Mode"},"sceneLighting":false,"audioPlay":false,"sceneViewState":{"m_AlwaysRefresh":false,"showFog":true,"showSkybox":true,"showFlares":true,"showImageEffects":true,"showParticleSystems":true,"showVisualEffectGraphs":true,"m_FxEnabled":true},"in2DMode":false,"pivot":{"x":30.045629501342775,"y":14.228482246398926,"z":-24.914268493652345},"rotation":{"x":-0.23477324843406678,"y":0.10820615291595459,"z":-0.02631116844713688,"w":-0.9656440615653992},"size":12.124356269836426,"orthographic":false}