{"cameraMode":{"drawMode":0,"name":"Shaded","section":"Shading Mode"},"sceneLighting":false,"audioPlay":false,"sceneViewState":{"m_AlwaysRefresh":false,"showFog":true,"showSkybox":true,"showFlares":true,"showImageEffects":true,"showParticleSystems":true,"showVisualEffectGraphs":true,"m_FxEnabled":true},"in2DMode":false,"pivot":{"x":25.400001525878908,"y":3.1499996185302736,"z":-21.09000015258789},"rotation":{"x":0.010943193919956684,"y":0.9879554510116577,"z":-0.08318296819925308,"w":0.12996189296245576},"size":12.124356269836426,"orthographic":false}